"Message",Low,"Запуск компиляции .NET Native"
"Message",Low,""
"Message",Low,""
"Message",Low,"Задача ""Gatekeeper"""
"Message",Normal,"Launching 'C:\Users\artik\.nuget\packages\microsoft.net.native.compiler\1.6.1\tools\ARM\ilc\Tools\Gatekeeper.exe @""E:\MyWork\Курсавой проект\MinskTS\MinskTS\obj\ARM\Release\ilc\intermediate\gkargs.rsp""'"
"Message",Low,"�ਢ�⭨� Microsoft (R) .NET Native ���ᨨ 1.6.25117.00 "
"Message",Low,"Copyright (C) Microsoft Corporation.  All rights reserved. "
"Message",Low," "
"Message",Low,"���� �஢�ઠ ᡮન ""E:\MyWork\���ᠢ�� �஥��\MinskTS\MinskTS\obj\ARM\Release\ilc\in\GalaSoft.MvvmLight.dll"". "
"Message",Low,"���� �஢�ઠ ᡮન ""E:\MyWork\���ᠢ�� �஥��\MinskTS\MinskTS\obj\ARM\Release\ilc\in\GalaSoft.MvvmLight.Extras.dll"". "
"Message",Low,"���� �஢�ઠ ᡮન ""E:\MyWork\���ᠢ�� �஥��\MinskTS\MinskTS\obj\ARM\Release\ilc\in\GalaSoft.MvvmLight.Platform.dll"". "
"Message",Low,"���� �஢�ઠ ᡮન ""E:\MyWork\���ᠢ�� �஥��\MinskTS\MinskTS\obj\ARM\Release\ilc\in\Microsoft.AspNetCore.Hosting.Abstractions.dll"". "
"Message",Low,"���� �஢�ઠ ᡮન ""E:\MyWork\���ᠢ�� �஥��\MinskTS\MinskTS\obj\ARM\Release\ilc\in\Microsoft.AspNetCore.Hosting.Server.Abstractions.dll"". "
"Message",Low,"���� �஢�ઠ ᡮન ""E:\MyWork\���ᠢ�� �஥��\MinskTS\MinskTS\obj\ARM\Release\ilc\in\Microsoft.AspNetCore.Http.Abstractions.dll"". "
"Message",Low,"���� �஢�ઠ ᡮન ""E:\MyWork\���ᠢ�� �஥��\MinskTS\MinskTS\obj\ARM\Release\ilc\in\Microsoft.AspNetCore.Http.Features.dll"". "
"Message",Low,"���� �஢�ઠ ᡮન ""E:\MyWork\���ᠢ�� �஥��\MinskTS\MinskTS\obj\ARM\Release\ilc\in\Microsoft.Data.Sqlite.dll"". "
"Message",Low,"���� �஢�ઠ ᡮન ""E:\MyWork\���ᠢ�� �஥��\MinskTS\MinskTS\obj\ARM\Release\ilc\in\Microsoft.EntityFrameworkCore.Design.dll"". "
"Message",Low,"���� �஢�ઠ ᡮન ""E:\MyWork\���ᠢ�� �஥��\MinskTS\MinskTS\obj\ARM\Release\ilc\in\Microsoft.EntityFrameworkCore.dll"". "
"Message",Low,"���� �஢�ઠ ᡮન ""E:\MyWork\���ᠢ�� �஥��\MinskTS\MinskTS\obj\ARM\Release\ilc\in\Microsoft.EntityFrameworkCore.Relational.Design.dll"". "
"Message",Low,"���� �஢�ઠ ᡮન ""E:\MyWork\���ᠢ�� �஥��\MinskTS\MinskTS\obj\ARM\Release\ilc\in\Microsoft.EntityFrameworkCore.Relational.dll"". "
"Message",Low,"���� �஢�ઠ ᡮન ""E:\MyWork\���ᠢ�� �஥��\MinskTS\MinskTS\obj\ARM\Release\ilc\in\Microsoft.EntityFrameworkCore.Sqlite.dll"". "
"Message",Low,"���� �஢�ઠ ᡮન ""E:\MyWork\���ᠢ�� �஥��\MinskTS\MinskTS\obj\ARM\Release\ilc\in\Microsoft.Extensions.Caching.Abstractions.dll"". "
"Message",Low,"���� �஢�ઠ ᡮન ""E:\MyWork\���ᠢ�� �஥��\MinskTS\MinskTS\obj\ARM\Release\ilc\in\Microsoft.Extensions.Caching.Memory.dll"". "
"Message",Low,"���� �஢�ઠ ᡮન ""E:\MyWork\���ᠢ�� �஥��\MinskTS\MinskTS\obj\ARM\Release\ilc\in\Microsoft.Extensions.Configuration.Abstractions.dll"". "
"Message",Low,"���� �஢�ઠ ᡮન ""E:\MyWork\���ᠢ�� �஥��\MinskTS\MinskTS\obj\ARM\Release\ilc\in\Microsoft.Extensions.DependencyInjection.Abstractions.dll"". "
"Message",Low,"���� �஢�ઠ ᡮન ""E:\MyWork\���ᠢ�� �஥��\MinskTS\MinskTS\obj\ARM\Release\ilc\in\Microsoft.Extensions.DependencyInjection.dll"". "
"Message",Low,"���� �஢�ઠ ᡮન ""E:\MyWork\���ᠢ�� �஥��\MinskTS\MinskTS\obj\ARM\Release\ilc\in\Microsoft.Extensions.FileProviders.Abstractions.dll"". "
"Message",Low,"���� �஢�ઠ ᡮન ""E:\MyWork\���ᠢ�� �஥��\MinskTS\MinskTS\obj\ARM\Release\ilc\in\Microsoft.Extensions.Logging.Abstractions.dll"". "
"Message",Low,"���� �஢�ઠ ᡮન ""E:\MyWork\���ᠢ�� �஥��\MinskTS\MinskTS\obj\ARM\Release\ilc\in\Microsoft.Extensions.Logging.dll"". "
"Message",Low,"���� �஢�ઠ ᡮન ""E:\MyWork\���ᠢ�� �஥��\MinskTS\MinskTS\obj\ARM\Release\ilc\in\Microsoft.Extensions.Options.dll"". "
"Message",Low,"���� �஢�ઠ ᡮન ""E:\MyWork\���ᠢ�� �஥��\MinskTS\MinskTS\obj\ARM\Release\ilc\in\Microsoft.Extensions.Primitives.dll"". "
"Message",Low,"���� �஢�ઠ ᡮન ""E:\MyWork\���ᠢ�� �஥��\MinskTS\MinskTS\obj\ARM\Release\ilc\in\Microsoft.Practices.ServiceLocation.dll"". "
"Message",Low,"���� �஢�ઠ ᡮન ""E:\MyWork\���ᠢ�� �஥��\MinskTS\MinskTS\obj\ARM\Release\ilc\in\MinskTS.exe"". "
"Message",Low,"���� �஢�ઠ ᡮન ""E:\MyWork\���ᠢ�� �஥��\MinskTS\MinskTS\obj\ARM\Release\ilc\in\Remotion.Linq.dll"". "
"Message",Low,"���� �஢�ઠ ᡮન ""E:\MyWork\���ᠢ�� �஥��\MinskTS\MinskTS\obj\ARM\Release\ilc\in\System.Interactive.Async.dll"". "
"Message",Low,"���� �஢�ઠ ᡮન ""E:\MyWork\���ᠢ�� �஥��\MinskTS\MinskTS\obj\ARM\Release\ilc\in\WindowsStateTriggers.dll"". "
"Message",Normal,"'C:\Users\artik\.nuget\packages\microsoft.net.native.compiler\1.6.1\tools\ARM\ilc\Tools\Gatekeeper.exe @""E:\MyWork\Курсавой проект\MinskTS\MinskTS\obj\ARM\Release\ilc\intermediate\gkargs.rsp""' completed."
"Message",Normal,"Process execution statistics (all times in milliseconds)"
"Message",Normal,"-----------------------------------------------------------------------------"
"Message",Normal,"launch  |  start   |   stop   |   end    | duration | lifetime | [slot] name"
"Message",Normal,"-----------------------------------------------------------------------------"
"Message",Normal,"       0 |       15 |      640 |      640 |      625 |      640 | [0] Gatekeeper"
"Message",Normal,"Number of commands:      1"
"Message",Normal,"Total system time:       640 ms"
"Message",Normal,"System time per command: 640 ms"
"Message",Normal,"Total duration:          625 ms"
"Message",Normal,"Total lifetime:          640 ms"
"Message",Normal,"Requested DOP:           8"
"Message",Normal,"Duration DOP:            1,0"
"Message",Normal,"Lifetime DOP:            1,0"
"Message",Low,"Выполнение задачи ""Gatekeeper"" завершено."
"Message",Low,"Сборка целевого объекта ""RunGatekeeper"" в файле ""Preparation"" завершена."
"Message",Low,""
"Message",Low,"Задача ""InjectWindowsRuntimeTypeForwards"""
"Message",Normal,"Running 'InjectWindowsRuntimeTypeForwards' transform, heap at 20 MB."
"Message",Normal,"Running 'WriteAssemblies' transform, heap at 13 MB."
"Message",Normal,""
"Message",Normal,"Transform summary"
"Message",Normal,"    ms | heap delta | name"
"Message",Normal,"   272 |          2 | WriteAssemblies"
"Message",Normal,"   251 |         -7 | InjectWindowsRuntimeTypeForwards"
"Message",Low,"Выполнение задачи ""InjectWindowsRuntimeTypeForwards"" завершено."
"Message",Low,"Сборка целевого объекта ""InjectWindowRuntimeTypeForwards"" в файле ""Preparation"" завершена."
"Message",Low,""
"Message",Low,"Задача ""PreResolveAssemblyClosure"""
"Message",Low,"Выполнение задачи ""PreResolveAssemblyClosure"" завершено."
"Message",Low,"Задача ""PreResolveTransforms"""
"Message",Normal,"Running 'ResolveSelfReferences' transform, heap at 36 MB."
"Message",Normal,"Running 'RemoveDuplicateMembers' transform, heap at 68 MB."
"Message",Normal,"Running 'PortableLib' transform, heap at 68 MB."
"Message",Normal,"Running 'WriteAssemblies' transform, heap at 73 MB."
"Message",Normal,""
"Message",Normal,"Transform summary"
"Message",Normal,"    ms | heap delta | name"
"Message",Normal,"   797 |         32 | ResolveSelfReferences"
"Message",Normal,"    78 |          5 | PortableLib"
"Message",Normal,"    59 |          0 | WriteAssemblies"
"Message",Normal,"     0 |          0 | RemoveDuplicateMembers"
"Message",Low,"Выполнение задачи ""PreResolveTransforms"" завершено."
"Message",Low,"Сборка целевого объекта ""PreResolveTransforms"" в файле ""Preparation"" завершена."
"Message",Low,""
"Message",Low,"Задача ""InitialAssemblyClosure"""
"Message",Low,"Выполнение задачи ""InitialAssemblyClosure"" завершено."
"Message",Low,"Задача ""ResolveInitialReferencesAssemblyClosure1"""
"Message",Low,"Выполнение задачи ""ResolveInitialReferencesAssemblyClosure1"" завершено."
"Message",Low,"Задача ""ResolveInitialReferencesAssemblyClosure2"""
"Message",Low,"Выполнение задачи ""ResolveInitialReferencesAssemblyClosure2"" завершено."
"Message",Low,"Сборка целевого объекта ""ResolveInitialReferences"" в файле ""Preparation"" завершена."
"Message",Low,"Сборка проекта ""Preparation"" завершена."
"Message",Low,""
"Message",Low,""
"Message",High,"Обработка кода приложения"
"Message",Low,"Задача ""ValidateSimpleNames"""
"Message",Low,"Выполнение задачи ""ValidateSimpleNames"" завершено."
"Message",Low,"Задача ""McgContractsResolveFilePath"""
"Message",Low,"Выполнение задачи ""McgContractsResolveFilePath"" завершено."
"Message",Low,"Задача ""McgFacadeResolveFilePath"""
"Message",Low,"Выполнение задачи ""McgFacadeResolveFilePath"" завершено."
"Message",Low,"Задача ""FinalAssemblyClosureRootsResolveFilePaths"""
"Message",Low,"Выполнение задачи ""FinalAssemblyClosureRootsResolveFilePaths"" завершено."
"Message",Low,"Задача ""FinalAssemblyClosure"""
"Message",Low,"Выполнение задачи ""FinalAssemblyClosure"" завершено."
"Message",Low,"Задача ""RunILTransforms"""
"Message",Normal,"Running 'Analysis' transform, heap at 50 MB."
"Message",Low,"Loading 116 modules..."
"Message",Normal,"Imported reflection directives from 19 files:"
"Message",Normal,"E:\MyWork\Курсавой проект\MinskTS\MinskTS\obj\ARM\Release\ilc\in\Properties\Default.rd.xml"
"Message",Normal,"E:\MyWork\Курсавой проект\MinskTS\MinskTS\obj\ARM\Release\ilc\in\WindowsStateTriggers\Properties\WindowsStateTriggers.rd.xml"
"Message",Normal,"Встроенный манифест System.Diagnostics.Tracing: Resources.System.Diagnostics.Tracing.rd.xml"
"Message",Normal,"Встроенный манифест System.Private.Reflection: System.Private.Reflection.rd.xml"
"Message",Normal,"Встроенный манифест System.Private.CoreLib: Resources.System.Private.CoreLib.rd.xml"
"Message",Normal,"Встроенный манифест System.Private.Uri: Resources.System.Private.Uri.rd.xml"
"Message",Normal,"Встроенный манифест System.Private.Reflection.Core: System.Private.Reflection.Core.rd.xml"
"Message",Normal,"Встроенный манифест System.Linq.Expressions: Resources.System.Linq.Expressions.rd.xml"
"Message",Normal,"Встроенный манифест System.Private.PortableThunks: Resources.System.Private.PortableThunks.rd.xml"
"Message",Normal,"Встроенный манифест System.Data.Common: Resources.System.Data.Common.rd.xml"
"Message",Normal,"Встроенный манифест System.Dynamic.Runtime: Resources.System.Dynamic.Runtime.rd.xml"
"Message",Normal,"Встроенный манифест Microsoft.CSharp: Microsoft.CSharp.Resources.Microsoft.CSharp.rd.xml"
"Message",Normal,"Встроенный манифест System.Private.Interop: Resources.System.Private.Interop.rd.xml"
"Message",Normal,"Встроенный манифест Microsoft.Data.Sqlite: Microsoft.Data.Sqlite.Properties.Microsoft.Data.Sqlite.rd.xml"
"Message",Normal,"Встроенный манифест Microsoft.EntityFrameworkCore: Microsoft.EntityFrameworkCore.Properties.Microsoft.EntityFrameworkCore.rd.xml"
"Message",Normal,"Встроенный манифест Microsoft.EntityFrameworkCore.Relational: Microsoft.EntityFrameworkCore.Relational.Properties.Microsoft.EntityFrameworkCore.Relational.rd.xml"
"Message",Normal,"Встроенный манифест Microsoft.EntityFrameworkCore.Sqlite: Microsoft.EntityFrameworkCore.Sqlite.Properties.Microsoft.EntityFrameworkCore.Sqlite.rd.xml"
"Message",Normal,"Встроенный манифест System.Interactive.Async: System.Interactive.Async.Properties.System.Interactive.Async.rd.xml"
"Message",Normal,"Microsoft.Practices.ServiceLocation"
"Message",Normal,"Imported XAML Roots from 1 files:"
"Message",Normal,"E:\MyWork\Курсавой проект\MinskTS\MinskTS\obj\ARM\Release\ilc\in\MinskTS.xr.xml"
"Message",Normal,"Running 'Mcg' transform, heap at 245 MB."
"Message",High,"Computing application closure and generating interop code"
"Message",Normal,"  Список LIB-файлов:"
"Message",Normal,"      WindowsApp.lib"
"Message",Normal,"      winsqlite3.lib"
"Message",Normal,"  Список путей поиска LIB-файлов:"
"Message",Normal,"      C:\Program Files (x86)\Windows Kits\10\lib\10.0.14393.0\um\arm"
"Message",Normal,"  Идет загрузка экспортированных данных из LIB-файлов..."
"Message",Normal,"      2517 экспортирует операции чтения из ""C:\Program Files (x86)\Windows Kits\10\lib\10.0.14393.0\um\arm\WindowsApp.lib""."
"Message",Normal,"      231 экспортирует операции чтения из ""C:\Program Files (x86)\Windows Kits\10\lib\10.0.14393.0\um\arm\winsqlite3.lib""."
"Message",High,"  Идет загрузка модулей (116)..."
"Message",Normal,"          P/Invoke 'sqlite3_bind_blob' resolved to 'sqlite3!sqlite3_bind_blob' from 'sqlite3'."
"Message",Normal,"          P/Invoke 'sqlite3_bind_double' resolved to 'sqlite3!sqlite3_bind_double' from 'sqlite3'."
"Message",Normal,"          P/Invoke 'sqlite3_bind_int64' resolved to 'sqlite3!sqlite3_bind_int64' from 'sqlite3'."
"Message",Normal,"          P/Invoke 'sqlite3_bind_null' resolved to 'sqlite3!sqlite3_bind_null' from 'sqlite3'."
"Message",Normal,"          P/Invoke 'sqlite3_bind_parameter_count' resolved to 'sqlite3!sqlite3_bind_parameter_count' from 'sqlite3'."
"Message",Normal,"          P/Invoke 'sqlite3_bind_parameter_index' resolved to 'sqlite3!sqlite3_bind_parameter_index' from 'sqlite3'."
"Message",Normal,"          P/Invoke 'sqlite3_bind_parameter_name' resolved to 'sqlite3!sqlite3_bind_parameter_name' from 'sqlite3'."
"Message",Normal,"          P/Invoke 'sqlite3_bind_text' resolved to 'sqlite3!sqlite3_bind_text' from 'sqlite3'."
"Message",Normal,"          P/Invoke 'sqlite3_busy_timeout' resolved to 'sqlite3!sqlite3_busy_timeout' from 'sqlite3'."
"Message",Normal,"          P/Invoke 'sqlite3_changes' resolved to 'sqlite3!sqlite3_changes' from 'sqlite3'."
"Message",Normal,"          P/Invoke 'sqlite3_close' resolved to 'sqlite3!sqlite3_close' from 'sqlite3'."
"Message",Normal,"          P/Invoke 'sqlite3_close_v2' resolved to 'sqlite3!sqlite3_close_v2' from 'sqlite3'."
"Message",Normal,"          P/Invoke 'sqlite3_column_blob' resolved to 'sqlite3!sqlite3_column_blob' from 'sqlite3'."
"Message",Normal,"          P/Invoke 'sqlite3_column_bytes' resolved to 'sqlite3!sqlite3_column_bytes' from 'sqlite3'."
"Message",Normal,"          P/Invoke 'sqlite3_column_count' resolved to 'sqlite3!sqlite3_column_count' from 'sqlite3'."
"Message",Normal,"          P/Invoke 'sqlite3_column_decltype' resolved to 'sqlite3!sqlite3_column_decltype' from 'sqlite3'."
"Message",Normal,"          P/Invoke 'sqlite3_column_double' resolved to 'sqlite3!sqlite3_column_double' from 'sqlite3'."
"Message",Normal,"          P/Invoke 'sqlite3_column_int64' resolved to 'sqlite3!sqlite3_column_int64' from 'sqlite3'."
"Message",Normal,"          P/Invoke 'sqlite3_column_name' resolved to 'sqlite3!sqlite3_column_name' from 'sqlite3'."
"Message",Normal,"          P/Invoke 'sqlite3_column_text' resolved to 'sqlite3!sqlite3_column_text' from 'sqlite3'."
"Message",Normal,"          P/Invoke 'sqlite3_column_type' resolved to 'sqlite3!sqlite3_column_type' from 'sqlite3'."
"Message",Normal,"          P/Invoke 'sqlite3_db_filename' resolved to 'sqlite3!sqlite3_db_filename' from 'sqlite3'."
"Message",Normal,"          P/Invoke 'sqlite3_enable_load_extension' resolved to 'sqlite3!sqlite3_enable_load_extension' from 'sqlite3'."
"Message",Normal,"          P/Invoke 'sqlite3_errmsg' resolved to 'sqlite3!sqlite3_errmsg' from 'sqlite3'."
"Message",Normal,"          P/Invoke 'sqlite3_errstr' resolved to 'sqlite3!sqlite3_errstr' from 'sqlite3'."
"Message",Normal,"          P/Invoke 'sqlite3_finalize' resolved to 'sqlite3!sqlite3_finalize' from 'sqlite3'."
"Message",Normal,"          P/Invoke 'sqlite3_libversion' resolved to 'sqlite3!sqlite3_libversion' from 'sqlite3'."
"Message",Normal,"          P/Invoke 'sqlite3_open_v2' resolved to 'sqlite3!sqlite3_open_v2' from 'sqlite3'."
"Message",Normal,"          P/Invoke 'sqlite3_prepare_v2' resolved to 'sqlite3!sqlite3_prepare_v2' from 'sqlite3'."
"Message",Normal,"          P/Invoke 'sqlite3_reset' resolved to 'sqlite3!sqlite3_reset' from 'sqlite3'."
"Message",Normal,"          P/Invoke 'sqlite3_step' resolved to 'sqlite3!sqlite3_step' from 'sqlite3'."
"Message",Normal,"          P/Invoke 'sqlite3_stmt_readonly' resolved to 'sqlite3!sqlite3_stmt_readonly' from 'sqlite3'."
"Message",Normal,"          P/Invoke 'sqlite3_bind_blob' resolved to 'winsqlite3.dll!sqlite3_bind_blob' from 'C:\Program Files (x86)\Windows Kits\10\lib\10.0.14393.0\um\arm\winsqlite3.lib'."
"Message",Normal,"          P/Invoke 'sqlite3_bind_double' resolved to 'winsqlite3.dll!sqlite3_bind_double' from 'C:\Program Files (x86)\Windows Kits\10\lib\10.0.14393.0\um\arm\winsqlite3.lib'."
"Message",Normal,"          P/Invoke 'sqlite3_bind_int64' resolved to 'winsqlite3.dll!sqlite3_bind_int64' from 'C:\Program Files (x86)\Windows Kits\10\lib\10.0.14393.0\um\arm\winsqlite3.lib'."
"Message",Normal,"          P/Invoke 'sqlite3_bind_null' resolved to 'winsqlite3.dll!sqlite3_bind_null' from 'C:\Program Files (x86)\Windows Kits\10\lib\10.0.14393.0\um\arm\winsqlite3.lib'."
"Message",Normal,"          P/Invoke 'sqlite3_bind_parameter_count' resolved to 'winsqlite3.dll!sqlite3_bind_parameter_count' from 'C:\Program Files (x86)\Windows Kits\10\lib\10.0.14393.0\um\arm\winsqlite3.lib'."
"Message",Normal,"          P/Invoke 'sqlite3_bind_parameter_index' resolved to 'winsqlite3.dll!sqlite3_bind_parameter_index' from 'C:\Program Files (x86)\Windows Kits\10\lib\10.0.14393.0\um\arm\winsqlite3.lib'."
"Message",Normal,"          P/Invoke 'sqlite3_bind_parameter_name' resolved to 'winsqlite3.dll!sqlite3_bind_parameter_name' from 'C:\Program Files (x86)\Windows Kits\10\lib\10.0.14393.0\um\arm\winsqlite3.lib'."
"Message",Normal,"          P/Invoke 'sqlite3_bind_text' resolved to 'winsqlite3.dll!sqlite3_bind_text' from 'C:\Program Files (x86)\Windows Kits\10\lib\10.0.14393.0\um\arm\winsqlite3.lib'."
"Message",Normal,"          P/Invoke 'sqlite3_busy_timeout' resolved to 'winsqlite3.dll!sqlite3_busy_timeout' from 'C:\Program Files (x86)\Windows Kits\10\lib\10.0.14393.0\um\arm\winsqlite3.lib'."
"Message",Normal,"          P/Invoke 'sqlite3_changes' resolved to 'winsqlite3.dll!sqlite3_changes' from 'C:\Program Files (x86)\Windows Kits\10\lib\10.0.14393.0\um\arm\winsqlite3.lib'."
"Message",Normal,"          P/Invoke 'sqlite3_close' resolved to 'winsqlite3.dll!sqlite3_close' from 'C:\Program Files (x86)\Windows Kits\10\lib\10.0.14393.0\um\arm\winsqlite3.lib'."
"Message",Normal,"          P/Invoke 'sqlite3_close_v2' resolved to 'winsqlite3.dll!sqlite3_close_v2' from 'C:\Program Files (x86)\Windows Kits\10\lib\10.0.14393.0\um\arm\winsqlite3.lib'."
"Message",Normal,"          P/Invoke 'sqlite3_column_blob' resolved to 'winsqlite3.dll!sqlite3_column_blob' from 'C:\Program Files (x86)\Windows Kits\10\lib\10.0.14393.0\um\arm\winsqlite3.lib'."
"Message",Normal,"          P/Invoke 'sqlite3_column_bytes' resolved to 'winsqlite3.dll!sqlite3_column_bytes' from 'C:\Program Files (x86)\Windows Kits\10\lib\10.0.14393.0\um\arm\winsqlite3.lib'."
"Message",Normal,"          P/Invoke 'sqlite3_column_count' resolved to 'winsqlite3.dll!sqlite3_column_count' from 'C:\Program Files (x86)\Windows Kits\10\lib\10.0.14393.0\um\arm\winsqlite3.lib'."
"Message",Normal,"          P/Invoke 'sqlite3_column_decltype' resolved to 'winsqlite3.dll!sqlite3_column_decltype' from 'C:\Program Files (x86)\Windows Kits\10\lib\10.0.14393.0\um\arm\winsqlite3.lib'."
"Message",Normal,"          P/Invoke 'sqlite3_column_double' resolved to 'winsqlite3.dll!sqlite3_column_double' from 'C:\Program Files (x86)\Windows Kits\10\lib\10.0.14393.0\um\arm\winsqlite3.lib'."
"Message",Normal,"          P/Invoke 'sqlite3_column_int64' resolved to 'winsqlite3.dll!sqlite3_column_int64' from 'C:\Program Files (x86)\Windows Kits\10\lib\10.0.14393.0\um\arm\winsqlite3.lib'."
"Message",Normal,"          P/Invoke 'sqlite3_column_name' resolved to 'winsqlite3.dll!sqlite3_column_name' from 'C:\Program Files (x86)\Windows Kits\10\lib\10.0.14393.0\um\arm\winsqlite3.lib'."
"Message",Normal,"          P/Invoke 'sqlite3_column_text' resolved to 'winsqlite3.dll!sqlite3_column_text' from 'C:\Program Files (x86)\Windows Kits\10\lib\10.0.14393.0\um\arm\winsqlite3.lib'."
"Message",Normal,"          P/Invoke 'sqlite3_column_type' resolved to 'winsqlite3.dll!sqlite3_column_type' from 'C:\Program Files (x86)\Windows Kits\10\lib\10.0.14393.0\um\arm\winsqlite3.lib'."
"Message",Normal,"          P/Invoke 'sqlite3_db_filename' resolved to 'winsqlite3.dll!sqlite3_db_filename' from 'C:\Program Files (x86)\Windows Kits\10\lib\10.0.14393.0\um\arm\winsqlite3.lib'."
"Message",Normal,"          P/Invoke 'sqlite3_enable_load_extension' resolved to 'winsqlite3.dll!sqlite3_enable_load_extension' from 'C:\Program Files (x86)\Windows Kits\10\lib\10.0.14393.0\um\arm\winsqlite3.lib'."
"Message",Normal,"          P/Invoke 'sqlite3_errmsg' resolved to 'winsqlite3.dll!sqlite3_errmsg' from 'C:\Program Files (x86)\Windows Kits\10\lib\10.0.14393.0\um\arm\winsqlite3.lib'."
"Message",Normal,"          P/Invoke 'sqlite3_errstr' resolved to 'winsqlite3.dll!sqlite3_errstr' from 'C:\Program Files (x86)\Windows Kits\10\lib\10.0.14393.0\um\arm\winsqlite3.lib'."
"Message",Normal,"          P/Invoke 'sqlite3_finalize' resolved to 'winsqlite3.dll!sqlite3_finalize' from 'C:\Program Files (x86)\Windows Kits\10\lib\10.0.14393.0\um\arm\winsqlite3.lib'."
"Message",Normal,"          P/Invoke 'sqlite3_libversion' resolved to 'winsqlite3.dll!sqlite3_libversion' from 'C:\Program Files (x86)\Windows Kits\10\lib\10.0.14393.0\um\arm\winsqlite3.lib'."
"Message",Normal,"          P/Invoke 'sqlite3_open_v2' resolved to 'winsqlite3.dll!sqlite3_open_v2' from 'C:\Program Files (x86)\Windows Kits\10\lib\10.0.14393.0\um\arm\winsqlite3.lib'."
"Message",Normal,"          P/Invoke 'sqlite3_prepare_v2' resolved to 'winsqlite3.dll!sqlite3_prepare_v2' from 'C:\Program Files (x86)\Windows Kits\10\lib\10.0.14393.0\um\arm\winsqlite3.lib'."
"Message",Normal,"          P/Invoke 'sqlite3_reset' resolved to 'winsqlite3.dll!sqlite3_reset' from 'C:\Program Files (x86)\Windows Kits\10\lib\10.0.14393.0\um\arm\winsqlite3.lib'."
"Message",Normal,"          P/Invoke 'sqlite3_step' resolved to 'winsqlite3.dll!sqlite3_step' from 'C:\Program Files (x86)\Windows Kits\10\lib\10.0.14393.0\um\arm\winsqlite3.lib'."
"Message",Normal,"          P/Invoke 'sqlite3_stmt_readonly' resolved to 'winsqlite3.dll!sqlite3_stmt_readonly' from 'C:\Program Files (x86)\Windows Kits\10\lib\10.0.14393.0\um\arm\winsqlite3.lib'."
"Message",Normal,"          P/Invoke 'RhWaitForPendingFinalizers' with [DllImport(ExactSpelling=true)] resolved to '[MRT]!RhWaitForPendingFinalizers'."
"Message",Normal,"          P/Invoke 'RhYield' with [DllImport(ExactSpelling=true)] resolved to '[MRT]!RhYield'."
"Message",Normal,"          P/Invoke 'RhCompatibleReentrantWaitAny' with [DllImport(ExactSpelling=true)] resolved to '[MRT]!RhCompatibleReentrantWaitAny'."
"Message",Normal,"          P/Invoke '_ecvt_s' with [DllImport(ExactSpelling=true)] resolved to '[MRT]!_ecvt_s'."
"Message",Normal,"          P/Invoke 'memmove' with [DllImport(ExactSpelling=true)] resolved to '[MRT]!memmove'."
"Message",Normal,"          P/Invoke 'CallingConventionConverter_GetStubs' with [DllImport(ExactSpelling=true)] resolved to '*!CallingConventionConverter_GetStubs'."
"Message",Normal,"          P/Invoke 'CallingConventionConverter_SpecifyCommonStubData' with [DllImport(ExactSpelling=true)] resolved to '*!CallingConventionConverter_SpecifyCommonStubData'."
"Message",Normal,"          P/Invoke 'GetLastError' resolved to 'api-ms-win-core-errorhandling-l1-1-1.dll!GetLastError' from 'C:\Program Files (x86)\Windows Kits\10\lib\10.0.14393.0\um\arm\WindowsApp.lib'."
"Message",Normal,"          P/Invoke 'RoInitialize' resolved to 'api-ms-win-core-winrt-l1-1-0.dll!RoInitialize' from 'C:\Program Files (x86)\Windows Kits\10\lib\10.0.14393.0\um\arm\WindowsApp.lib'."
"Message",Normal,"          P/Invoke 'IsValidLocaleName' resolved to 'api-ms-win-core-localization-l1-2-1.dll!IsValidLocaleName' from 'C:\Program Files (x86)\Windows Kits\10\lib\10.0.14393.0\um\arm\WindowsApp.lib'."
"Message",Normal,"          P/Invoke 'ResolveLocaleName' resolved to 'api-ms-win-core-localization-l1-2-1.dll!ResolveLocaleName' from 'C:\Program Files (x86)\Windows Kits\10\lib\10.0.14393.0\um\arm\WindowsApp.lib'."
"Message",Normal,"          P/Invoke 'IdnToUnicode' resolved to 'api-ms-win-core-localization-l1-2-1.dll!IdnToUnicode' from 'C:\Program Files (x86)\Windows Kits\10\lib\10.0.14393.0\um\arm\WindowsApp.lib'."
"Message",Normal,"          P/Invoke 'GetCPInfoExW' resolved to 'api-ms-win-core-localization-l1-2-1.dll!GetCPInfoExW' from 'C:\Program Files (x86)\Windows Kits\10\lib\10.0.14393.0\um\arm\WindowsApp.lib'."
"Message",Normal,"          P/Invoke 'RtlIpv6AddressToStringExW' resolved to 'ntdll.dll!RtlIpv6AddressToStringExW' from 'C:\Program Files (x86)\Windows Kits\10\lib\10.0.14393.0\um\arm\WindowsApp.lib'."
"Message",Normal,"          P/Invoke 'RtlIpv4AddressToStringExW' resolved to 'ntdll.dll!RtlIpv4AddressToStringExW' from 'C:\Program Files (x86)\Windows Kits\10\lib\10.0.14393.0\um\arm\WindowsApp.lib'."
"Message",Normal,"          P/Invoke 'IdnToAscii' resolved to 'api-ms-win-core-localization-l1-2-1.dll!IdnToAscii' from 'C:\Program Files (x86)\Windows Kits\10\lib\10.0.14393.0\um\arm\WindowsApp.lib'."
"Message",Normal,"          P/Invoke 'CoCreateInstance' with [DllImport(ExactSpelling=true)] resolved to 'api-ms-win-core-com-l1-1-0.dll!CoCreateInstance'."
"Message",Normal,"          P/Invoke 'CryptFindOIDInfo' resolved to 'crypt32.dll!CryptFindOIDInfo' from 'C:\Program Files (x86)\Windows Kits\10\lib\10.0.14393.0\um\arm\WindowsApp.lib'."
"Message",Normal,"          P/Invoke '#6' resolved to 'oleaut32.dll!#6' from 'C:\Program Files (x86)\Windows Kits\10\lib\10.0.14393.0\um\arm\WindowsApp.lib'."
"Message",Normal,"          P/Invoke 'CreateDirectoryW' resolved to 'api-ms-win-core-file-l1-2-1.dll!CreateDirectoryW' from 'C:\Program Files (x86)\Windows Kits\10\lib\10.0.14393.0\um\arm\WindowsApp.lib'."
"Message",Normal,"          P/Invoke 'DeleteFileW' resolved to 'api-ms-win-core-file-l1-2-1.dll!DeleteFileW' from 'C:\Program Files (x86)\Windows Kits\10\lib\10.0.14393.0\um\arm\WindowsApp.lib'."
"Message",Normal,"          P/Invoke 'CryptFormatObject' resolved to 'crypt32.dll!CryptFormatObject' from 'C:\Program Files (x86)\Windows Kits\10\lib\10.0.14393.0\um\arm\WindowsApp.lib'."
"Message",Normal,"          P/Invoke 'FindFirstFileExW' resolved to 'api-ms-win-core-file-l1-2-1.dll!FindFirstFileExW' from 'C:\Program Files (x86)\Windows Kits\10\lib\10.0.14393.0\um\arm\WindowsApp.lib'."
"Message",Normal,"          P/Invoke 'GetFileAttributesExW' resolved to 'api-ms-win-core-file-l1-2-1.dll!GetFileAttributesExW' from 'C:\Program Files (x86)\Windows Kits\10\lib\10.0.14393.0\um\arm\WindowsApp.lib'."
"Message",Normal,"          P/Invoke 'GetFileType' resolved to 'api-ms-win-core-file-l1-2-1.dll!GetFileType' from 'C:\Program Files (x86)\Windows Kits\10\lib\10.0.14393.0\um\arm\WindowsApp.lib'."
"Message",Normal,"          P/Invoke 'CryptFindOIDInfo' resolved to 'crypt32.dll!CryptFindOIDInfo' from 'C:\Program Files (x86)\Windows Kits\10\lib\10.0.14393.0\um\arm\WindowsApp.lib'."
"Message",Normal,"          P/Invoke 'FindNextFileW' resolved to 'api-ms-win-core-file-l1-2-1.dll!FindNextFileW' from 'C:\Program Files (x86)\Windows Kits\10\lib\10.0.14393.0\um\arm\WindowsApp.lib'."
"Message",Normal,"          P/Invoke 'GetFileInformationByHandleEx' resolved to 'api-ms-win-core-file-l2-1-1.dll!GetFileInformationByHandleEx' from 'C:\Program Files (x86)\Windows Kits\10\lib\10.0.14393.0\um\arm\WindowsApp.lib'."
"Message",Normal,"          P/Invoke 'FormatMessageW' resolved to 'api-ms-win-core-localization-l1-2-1.dll!FormatMessageW' from 'C:\Program Files (x86)\Windows Kits\10\lib\10.0.14393.0\um\arm\WindowsApp.lib'."
"Message",Normal,"          P/Invoke 'CreateThreadpoolIo' resolved to 'api-ms-win-core-threadpool-l1-2-0.dll!CreateThreadpoolIo' from 'C:\Program Files (x86)\Windows Kits\10\lib\10.0.14393.0\um\arm\WindowsApp.lib'."
"Message",Normal,"          P/Invoke 'SetFilePointerEx' resolved to 'api-ms-win-core-file-l1-2-1.dll!SetFilePointerEx' from 'C:\Program Files (x86)\Windows Kits\10\lib\10.0.14393.0\um\arm\WindowsApp.lib'."
"Message",Normal,"          P/Invoke 'CryptDecodeObject' resolved to 'crypt32.dll!CryptDecodeObject' from 'C:\Program Files (x86)\Windows Kits\10\lib\10.0.14393.0\um\arm\WindowsApp.lib'."
"Message",Normal,"          P/Invoke 'FindClose' resolved to 'api-ms-win-core-file-l1-2-1.dll!FindClose' from 'C:\Program Files (x86)\Windows Kits\10\lib\10.0.14393.0\um\arm\WindowsApp.lib'."
"Message",Normal,"          P/Invoke 'CertFreeCertificateContext' resolved to 'crypt32.dll!CertFreeCertificateContext' from 'C:\Program Files (x86)\Windows Kits\10\lib\10.0.14393.0\um\arm\WindowsApp.lib'."
"Message",Normal,"          P/Invoke 'SetEndOfFile' resolved to 'api-ms-win-core-file-l1-2-1.dll!SetEndOfFile' from 'C:\Program Files (x86)\Windows Kits\10\lib\10.0.14393.0\um\arm\WindowsApp.lib'."
"Message",Normal,"          P/Invoke 'CreateFile2' resolved to 'api-ms-win-core-file-l1-2-1.dll!CreateFile2' from 'C:\Program Files (x86)\Windows Kits\10\lib\10.0.14393.0\um\arm\WindowsApp.lib'."
"Message",Normal,"          P/Invoke 'NCryptImportKey' resolved to 'ncrypt.dll!NCryptImportKey' from 'C:\Program Files (x86)\Windows Kits\10\lib\10.0.14393.0\um\arm\WindowsApp.lib'."
"Message",Normal,"          P/Invoke 'CloseHandle' resolved to 'api-ms-win-core-handle-l1-1-0.dll!CloseHandle' from 'C:\Program Files (x86)\Windows Kits\10\lib\10.0.14393.0\um\arm\WindowsApp.lib'."
"Message",Normal,"          P/Invoke 'NCryptGetProperty' resolved to 'ncrypt.dll!NCryptGetProperty' from 'C:\Program Files (x86)\Windows Kits\10\lib\10.0.14393.0\um\arm\WindowsApp.lib'."
"Message",Normal,"          P/Invoke 'CloseThreadpoolIo' resolved to 'api-ms-win-core-threadpool-l1-2-0.dll!CloseThreadpoolIo' from 'C:\Program Files (x86)\Windows Kits\10\lib\10.0.14393.0\um\arm\WindowsApp.lib'."
"Message",Normal,"          P/Invoke 'ReadFile' resolved to 'api-ms-win-core-file-l1-2-1.dll!ReadFile' from 'C:\Program Files (x86)\Windows Kits\10\lib\10.0.14393.0\um\arm\WindowsApp.lib'."
"Message",Normal,"          P/Invoke 'ReadFile' resolved to 'api-ms-win-core-file-l1-2-1.dll!ReadFile' from 'C:\Program Files (x86)\Windows Kits\10\lib\10.0.14393.0\um\arm\WindowsApp.lib'."
"Message",Normal,"          P/Invoke 'WriteFile' resolved to 'api-ms-win-core-file-l1-2-1.dll!WriteFile' from 'C:\Program Files (x86)\Windows Kits\10\lib\10.0.14393.0\um\arm\WindowsApp.lib'."
"Message",Normal,"          P/Invoke 'WriteFile' resolved to 'api-ms-win-core-file-l1-2-1.dll!WriteFile' from 'C:\Program Files (x86)\Windows Kits\10\lib\10.0.14393.0\um\arm\WindowsApp.lib'."
"Message",Normal,"          P/Invoke 'FormatMessageW' resolved to 'api-ms-win-core-localization-l1-2-1.dll!FormatMessageW' from 'C:\Program Files (x86)\Windows Kits\10\lib\10.0.14393.0\um\arm\WindowsApp.lib'."
"Message",Normal,"          P/Invoke 'NCryptOpenStorageProvider' resolved to 'ncrypt.dll!NCryptOpenStorageProvider' from 'C:\Program Files (x86)\Windows Kits\10\lib\10.0.14393.0\um\arm\WindowsApp.lib'."
"Message",Normal,"          P/Invoke 'NCryptSetProperty' resolved to 'ncrypt.dll!NCryptSetProperty' from 'C:\Program Files (x86)\Windows Kits\10\lib\10.0.14393.0\um\arm\WindowsApp.lib'."
"Message",Normal,"          P/Invoke 'CancelIoEx' resolved to 'api-ms-win-core-io-l1-1-1.dll!CancelIoEx' from 'C:\Program Files (x86)\Windows Kits\10\lib\10.0.14393.0\um\arm\WindowsApp.lib'."
"Message",Normal,"          P/Invoke 'StartThreadpoolIo' resolved to 'api-ms-win-core-threadpool-l1-2-0.dll!StartThreadpoolIo' from 'C:\Program Files (x86)\Windows Kits\10\lib\10.0.14393.0\um\arm\WindowsApp.lib'."
"Message",Normal,"          P/Invoke 'CancelThreadpoolIo' resolved to 'api-ms-win-core-threadpool-l1-2-0.dll!CancelThreadpoolIo' from 'C:\Program Files (x86)\Windows Kits\10\lib\10.0.14393.0\um\arm\WindowsApp.lib'."
"Message",Normal,"          P/Invoke 'FormatMessageW' resolved to 'api-ms-win-core-localization-l1-2-1.dll!FormatMessageW' from 'C:\Program Files (x86)\Windows Kits\10\lib\10.0.14393.0\um\arm\WindowsApp.lib'."
"Message",Normal,"          P/Invoke 'FlushFileBuffers' resolved to 'api-ms-win-core-file-l1-2-1.dll!FlushFileBuffers' from 'C:\Program Files (x86)\Windows Kits\10\lib\10.0.14393.0\um\arm\WindowsApp.lib'."
"Message",Normal,"          P/Invoke 'NCryptFreeObject' resolved to 'ncrypt.dll!NCryptFreeObject' from 'C:\Program Files (x86)\Windows Kits\10\lib\10.0.14393.0\um\arm\WindowsApp.lib'."
"Message",Normal,"          P/Invoke 'FormatMessageW' resolved to 'api-ms-win-core-localization-l1-2-1.dll!FormatMessageW' from 'C:\Program Files (x86)\Windows Kits\10\lib\10.0.14393.0\um\arm\WindowsApp.lib'."
"Message",Normal,"          P/Invoke 'RoGetBufferMarshaler' resolved to 'api-ms-win-core-winrt-robuffer-l1-1-0.dll!RoGetBufferMarshaler' from 'C:\Program Files (x86)\Windows Kits\10\lib\10.0.14393.0\um\arm\WindowsApp.lib'."
"Message",High,"  Идет создание кода..."
"Message",High,"  Создан код взаимодействия."
"Message",Normal,"  Код записан в AssemblyInfo.g.cs"
"Message",Normal,"  Код записан в Adapters.g.cs"
"Message",Normal,"  Код записан в Data.g.cs"
"Message",Normal,"  Код записан в Helpers.g.cs"
"Message",Normal,"  Код записан в ImplTypes.g.cs"
"Message",Normal,"  Код записан в PInvoke.g.cs"
"Message",Normal,"  Код записан в SafeTypes.g.cs"
"Message",Normal,"  Код записан в SharedStubs.g.cs"
"Message",Normal,"Running 'GenerateCodeAndCompile' transform, heap at 339 MB."
"Message",High,"Generating serialization code"
"Message",High,"Compiling interop code"
"Message",Normal,"Compiling generated source code: C:\Users\artik\.nuget\packages\microsoft.net.native.compiler\1.6.1\tools\ARM\ilc\csc\csc.exe /noconfig @""E:\MyWork\Курсавой проект\MinskTS\MinskTS\obj\ARM\Release\ilc\intermediate\MinskTS.McgInterop.rsp"""
"Message",High,"Generating System.Reflection.DispatchProxy proxy code."
"Message",Normal,"Running 'DumpNativeResources' transform, heap at 339 MB."
"Message",Normal,"Running 'ReducedCopyInitialize' transform, heap at 339 MB."
"Message",Normal,"Running 'ReducedCopyEmptyTypes' transform, heap at 254 MB."
"Message",Normal,"Running 'ReducedCopyPopulateTypes' transform, heap at 265 MB."
"Message",Normal,"Running 'ReducedCopyLateMetadata' transform, heap at 300 MB."
"Message",Normal,"Running 'ReducedCopyMethodBodies' transform, heap at 321 MB."
"Message",Normal,"Running 'ReducedCopyComplete' transform, heap at 324 MB."
"Message",Normal,"Running 'ReducedCopyCleanup' transform, heap at 361 MB."
"Message",Normal,"Running 'DeveloperExperienceModeOnlyCodeRemover' transform, heap at 212 MB."
"Message",Normal,"Running 'ComImportDetector' transform, heap at 222 MB."
"Message",Normal,"Running 'McgAccessor' transform, heap at 222 MB."
"Message",Normal,"Running 'McgRedirect' transform, heap at 223 MB."
"Message",Normal,"Running 'McgRedirect' transform, heap at 233 MB."
"Message",Normal,"Running 'McgTypeOf' transform, heap at 234 MB."
"Message",Normal,"Running 'ExceptionMiniaturizer' transform, heap at 242 MB."
"Message",Normal,"Running 'EventSource' transform, heap at 255 MB."
"Message",Normal,"Running 'ValueType' transform, heap at 255 MB."
"Message",Normal,"Running 'Attribute' transform, heap at 255 MB."
"Message",Normal,"Running 'GetType' transform, heap at 256 MB."
"Message",Normal,"Running 'McgFixups' transform, heap at 257 MB."
"Message",Normal,"Running 'ResourceManagerCtor' transform, heap at 257 MB."
"Message",Normal,"Running 'TypeofTypeHandle' transform, heap at 258 MB."
"Message",Normal,"Running 'DispatchProxyIntrinsics' transform, heap at 262 MB."
"Message",Normal,"Running 'StaticInitData' transform, heap at 262 MB."
"Message",Normal,"Running 'StartupCodeInjector' transform, heap at 273 MB."
"Message",Normal,"Running 'InjectAppContextSwitches' transform, heap at 273 MB."
"Message",Normal,"Running 'ImplementLibraryDynamicInvokeHelpers' transform, heap at 273 MB."
"Message",Normal,"Running 'Delegate' transform, heap at 273 MB."
"Message",Normal,"Running 'DelegateCtorCall' transform, heap at 280 MB."
"Message",Normal,"Running 'LazyGenerics' transform, heap at 290 MB."
"Message",Normal,"Running 'AddReflectionBlockedAttributes' transform, heap at 241 MB."
"Message",Normal,"Running 'DisableOptimization' transform, heap at 242 MB."
"Message",Normal,"Running 'CreateMetadata' transform, heap at 242 MB."
"Message",Normal,"Running 'SaveRVAStatics' transform, heap at 136 MB."
"Message",Normal,"Running 'ReflectionInvoke' transform, heap at 133 MB."
"Message",Normal,"Running 'ScrubOpenCalls' transform, heap at 140 MB."
"Message",Normal,"Running 'ConvertCatchIntoFilter' transform, heap at 140 MB."
"Message",Normal,"Running 'ReflectionMappingInfoEmit' transform, heap at 141 MB."
"Message",Normal,"Running 'ConvertManagedWinMD' transform, heap at 150 MB."
"Message",Normal,"Running 'Reducer' transform, heap at 150 MB."
"Message",High,"Cleaning up unreferenced code"
"Message",Normal,"Running 'WriteAssemblies' transform, heap at 256 MB."
"Message",Normal,""
"Message",Normal,"Transform summary"
"Message",Normal,"    ms | heap delta | name"
"Message",Normal," 14501 |        195 | Analysis"
"Message",Normal,"  4757 |        106 | Reducer"
"Message",Normal,"  4485 |        -82 | WriteAssemblies"
"Message",Normal,"  4244 |          0 | GenerateCodeAndCompile"
"Message",Normal,"  1559 |       -106 | CreateMetadata"
"Message",Normal,"  1441 |         94 | Mcg"
"Message",Normal,"   872 |       -149 | ReducedCopyCleanup"
"Message",Normal,"   584 |          3 | ReducedCopyMethodBodies"
"Message",Normal,"   466 |         37 | ReducedCopyComplete"
"Message",Normal,"   411 |        -49 | LazyGenerics"
"Message",Normal,"   311 |         10 | McgRedirect"
"Message",Normal,"   270 |         35 | ReducedCopyPopulateTypes"
"Message",Normal,"   189 |        -85 | ReducedCopyInitialize"
"Message",Normal,"   182 |         11 | StaticInitData"
"Message",Normal,"   179 |          8 | McgTypeOf"
"Message",Normal,"   146 |         21 | ReducedCopyLateMetadata"
"Message",Normal,"   115 |         10 | DelegateCtorCall"
"Message",Normal,"   113 |          1 | McgRedirect"
"Message",Normal,"    99 |         -3 | SaveRVAStatics"
"Message",Normal,"    66 |         13 | ExceptionMiniaturizer"
"Message",Normal,"    64 |          4 | TypeofTypeHandle"
"Message",Normal,"    56 |         11 | ReducedCopyEmptyTypes"
"Message",Normal,"    53 |          7 | Delegate"
"Message",Normal,"    34 |          9 | ReflectionMappingInfoEmit"
"Message",Normal,"    30 |          0 | DispatchProxyIntrinsics"
"Message",Normal,"    29 |          7 | ReflectionInvoke"
"Message",Normal,"    22 |          1 | GetType"
"Message",Normal,"    22 |          0 | McgFixups"
"Message",Normal,"    17 |          1 | McgAccessor"
"Message",Normal,"    16 |          0 | ScrubOpenCalls"
"Message",Normal,"    14 |          0 | StartupCodeInjector"
"Message",Normal,"    14 |         10 | DeveloperExperienceModeOnlyCodeRemover"
"Message",Normal,"    12 |          0 | ValueType"
"Message",Normal,"     9 |          1 | ConvertCatchIntoFilter"
"Message",Normal,"     6 |          1 | Attribute"
"Message",Normal,"     4 |          0 | EventSource"
"Message",Normal,"     4 |          1 | AddReflectionBlockedAttributes"
"Message",Normal,"     3 |          0 | DumpNativeResources"
"Message",Normal,"     3 |          1 | ResourceManagerCtor"
"Message",Normal,"     1 |          0 | ComImportDetector"
"Message",Normal,"     1 |          0 | InjectAppContextSwitches"
"Message",Normal,"     1 |          0 | DisableOptimization"
"Message",Normal,"     0 |          0 | ConvertManagedWinMD"
"Message",Normal,"     0 |          0 | ImplementLibraryDynamicInvokeHelpers"
"Message",Low,"Выполнение задачи ""RunILTransforms"" завершено."
"Message",Low,"Сборка целевого объекта ""RunILTransforms"" в файле ""ILTransforms"" завершена."
"Message",Low,"Сборка проекта ""ILTransforms"" завершена."
"Message",Low,""
"Message",Low,""
"Message",Low,"Сборка целевого объекта ""GenerateMDIL"" в файле ""Nutc"" завершена."
"Message",Low,""
"Message",High,"Создание машинного кода"
"Message",Low,"Сборка целевого объекта ""MDILPrepareMultiFile"" в файле ""Nutc"" завершена."
"Message",Low,""
"Message",Low,"Сборка целевого объекта ""SetBinaryForReferences"" в файле ""Nutc"" завершена."
"Message",Low,""
"Message",Low,"Задача ""GenerateMDILGlobalAnalysis"""
"Message",Normal,"Launching 'C:\Users\artik\.nuget\packages\microsoft.net.native.compiler\1.6.1\tools\ARM\ilc\Tools\nutc_driver.exe @""E:\MyWork\Курсавой проект\MinskTS\MinskTS\obj\ARM\Release\ilc\intermediate\MDIL\MinskTS.rsp""'"
"Message",Low,"Microsoft (R) MDIL Compiler - Version 1.6.25117.00"
"Message",Low,"Copyright (c) Microsoft Corporation.  All rights reserved."
"Message",Low,"Сканирование входных типов"
"Message",Low,"Сканирование методов: 25013."
"Message",Low,"Сканирование методов: 5542."
"Message",Low,"Сканирование методов: 2834."
"Message",Low,"Сканирование методов: 1317."
"Message",Low,"Сканирование методов: 2375."
"Message",Low,"Сканирование методов: 1392."
"Message",Low,"Сканирование методов: 607."
"Message",Low,"Сканирование методов: 568."
"Message",Low,"Сканирование методов: 631."
"Message",Low,"Сканирование методов: 839."
"Message",Low,"Сканирование методов: 763."
"Message",Low,"Сканирование методов: 591."
"Message",Low,"Сканирование методов: 305."
"Message",Low,"Сканирование методов: 292."
"Message",Low,"Сканирование методов: 81."
"Message",Low,"Сканирование методов: 47."
"Message",Low,"Сканирование методов: 13."
"Message",Low,"Сканирование методов: 29."
"Message",Low,"Сканирование методов: 21."
"Message",Low,"Сканирование методов: 15."
"Message",Low,"Сканирование методов: 6."
"Message",Low,"Сканирование методов: 1."
"Message",Low,"Сканирование методов: 1."
"Message",Low,"Неотложное создание кода"
"Message",Low,"Компиляция методов: 43283."
"Message",Low,"Отложенное создание кода"
"Message",Low,"Компиляция методов: 4."
"Message",Low,"Компиляция методов: 29."
"Message",Low,"Успешно создан: ""E:\MyWork\Курсавой проект\MinskTS\MinskTS\obj\ARM\Release\ilc\intermediate\MDIL\MinskTS.mdilexe"""
"Message",Low,"Успешно создан: ""E:\MyWork\Курсавой проект\MinskTS\MinskTS\obj\ARM\Release\ilc\intermediate\MDIL\MinskTS.mdilpdb"""
"Message",Normal,"'C:\Users\artik\.nuget\packages\microsoft.net.native.compiler\1.6.1\tools\ARM\ilc\Tools\nutc_driver.exe @""E:\MyWork\Курсавой проект\MinskTS\MinskTS\obj\ARM\Release\ilc\intermediate\MDIL\MinskTS.rsp""' completed."
"Message",Normal,"Process execution statistics (all times in milliseconds)"
"Message",Normal,"-----------------------------------------------------------------------------"
"Message",Normal,"launch  |  start   |   stop   |   end    | duration | lifetime | [slot] name"
"Message",Normal,"-----------------------------------------------------------------------------"
"Message",Normal,"       0 |       15 |    35640 |    35640 |    35625 |    35640 | [0] Nutc GlobalAnalysis"
"Message",Normal,"Number of commands:      1"
"Message",Normal,"Total system time:       35640 ms"
"Message",Normal,"System time per command: 35640 ms"
"Message",Normal,"Total duration:          35625 ms"
"Message",Normal,"Total lifetime:          35640 ms"
"Message",Normal,"Requested DOP:           8"
"Message",Normal,"Duration DOP:            1,0"
"Message",Normal,"Lifetime DOP:            1,0"
"Message",Low,"Выполнение задачи ""GenerateMDILGlobalAnalysis"" завершено."
"Message",Low,"Сборка целевого объекта ""GenerateMDILGlobalAnalysis"" в файле ""Nutc"" завершена."
"Message",Low,""
"Message",Low,"Задача ""rc"""
"Message",Normal,"Launching 'C:\Program Files (x86)\Windows Kits\10\bin\x64\rc.exe /c ""65001"" /r /fo ""E:\MyWork\Курсавой проект\MinskTS\MinskTS\obj\ARM\Release\ilc\intermediate\BuildInfo\BuildInfo.res"" ""E:\MyWork\Курсавой проект\MinskTS\MinskTS\obj\ARM\Release\ilc\intermediate\BuildInfo\BuildInfo.rc""'"
"Message",Low,"Microsoft (R) Windows (R) Resource Compiler Version 10.0.10011.16384"
"Message",Low,"Copyright (C) Microsoft Corporation.  All rights reserved."
"Message",Normal,"'C:\Program Files (x86)\Windows Kits\10\bin\x64\rc.exe /c ""65001"" /r /fo ""E:\MyWork\Курсавой проект\MinskTS\MinskTS\obj\ARM\Release\ilc\intermediate\BuildInfo\BuildInfo.res"" ""E:\MyWork\Курсавой проект\MinskTS\MinskTS\obj\ARM\Release\ilc\intermediate\BuildInfo\BuildInfo.rc""' completed."
"Message",Normal,"Process execution statistics (all times in milliseconds)"
"Message",Normal,"-----------------------------------------------------------------------------"
"Message",Normal,"launch  |  start   |   stop   |   end    | duration | lifetime | [slot] name"
"Message",Normal,"-----------------------------------------------------------------------------"
"Message",Normal,"       0 |        0 |       32 |       32 |       32 |       32 | [0] rc"
"Message",Normal,"Number of commands:      1"
"Message",Normal,"Total system time:       32 ms"
"Message",Normal,"System time per command: 32 ms"
"Message",Normal,"Total duration:          32 ms"
"Message",Normal,"Total lifetime:          32 ms"
"Message",Normal,"Requested DOP:           8"
"Message",Normal,"Duration DOP:            1,0"
"Message",Normal,"Lifetime DOP:            1,0"
"Message",Low,"Выполнение задачи ""rc"" завершено."
"Message",Low,"Задача ""ResourceBinaryConcatenate"""
"Message",Normal,"Concatenating into 'E:\MyWork\Курсавой проект\MinskTS\MinskTS\obj\ARM\Release\ilc\intermediate\Native.res' with alignment '4'."
"Message",Normal," Added 'E:\MyWork\Курсавой проект\MinskTS\MinskTS\obj\ARM\Release\ilc\intermediate\ILTransformed\MinskTS.res' at offset 0."
"Message",Normal," Added 'E:\MyWork\Курсавой проект\MinskTS\MinskTS\obj\ARM\Release\ilc\intermediate\BuildInfo\BuildInfo.res' at offset 1368."
"Message",Low,"Выполнение задачи ""ResourceBinaryConcatenate"" завершено."
"Message",Low,"Сборка целевого объекта ""GenerateBuildInfo"" в файле ""Nutc"" завершена."
"Message",Low,"Сборка проекта ""Nutc"" завершена."
"Message",Low,""
"Message",Low,""
"Message",Low,"Сборка целевого объекта ""MDILBindPrepare"" в файле ""Binder"" завершена."
"Message",Low,""
"Message",High,"Создание исправлений для машинного кода"
"Message",Low,"Задача ""MDILBind"""
"Message",Normal,"Launching 'C:\Users\artik\.nuget\packages\microsoft.net.native.compiler\1.6.1\tools\ARM\ilc\Tools\rhbind.exe @""E:\MyWork\Курсавой проект\MinskTS\MinskTS\obj\ARM\Release\ilc\intermediate\rhbindargs.MinskTS.rsp""'"
"Message",Low,"ВЕРСИЯ ОС: основная: 6;  дополнительная: 2"
"Message",Low,"MDIL: E:\MyWork\Курсавой проект\MinskTS\MinskTS\obj\ARM\Release\ilc\intermediate\MDIL\MinskTS.mdilexe"
"Message",Low,"MDILPDB: E:\MyWork\Курсавой проект\MinskTS\MinskTS\obj\ARM\Release\ilc\intermediate\MDIL\MinskTS.mdilpdb"
"Message",Low,"IL: E:\MyWork\Курсавой проект\MinskTS\MinskTS\obj\ARM\Release\ilc\intermediate\MDIL\MinskTS.ilexe"
"Message",Low,"NI: E:\MyWork\Курсавой проект\MinskTS\MinskTS\obj\ARM\Release\ilc\intermediate\Native\MinskTS.dll"
"Message",Low,"SHIM: E:\MyWork\Курсавой проект\MinskTS\MinskTS\obj\ARM\Release\ilc\intermediate\Native\MinskTS.exe"
"Message",Low,"REDHAWK_RUNTIME_DLL_NAME_A=mrt100_app.dll"
"Message",Low,"pdb: E:\MyWork\Курсавой проект\MinskTS\MinskTS\obj\ARM\Release\ilc\intermediate\Native\MinskTS.pdb"
"Message",Low,"Создано: E:\MyWork\Курсавой проект\MinskTS\MinskTS\obj\ARM\Release\ilc\intermediate\Native\MinskTS.dll за 3.736 с"
"Message",Normal,"'C:\Users\artik\.nuget\packages\microsoft.net.native.compiler\1.6.1\tools\ARM\ilc\Tools\rhbind.exe @""E:\MyWork\Курсавой проект\MinskTS\MinskTS\obj\ARM\Release\ilc\intermediate\rhbindargs.MinskTS.rsp""' completed."
"Message",Normal,"Process execution statistics (all times in milliseconds)"
"Message",Normal,"-----------------------------------------------------------------------------"
"Message",Normal,"launch  |  start   |   stop   |   end    | duration | lifetime | [slot] name"
"Message",Normal,"-----------------------------------------------------------------------------"
"Message",Normal,"       0 |        0 |     3844 |     3844 |     3844 |     3844 | [0] rhbind MinskTS"
"Message",Normal,"Number of commands:      1"
"Message",Normal,"Total system time:       3844 ms"
"Message",Normal,"System time per command: 3844 ms"
"Message",Normal,"Total duration:          3844 ms"
"Message",Normal,"Total lifetime:          3844 ms"
"Message",Normal,"Requested DOP:           8"
"Message",Normal,"Duration DOP:            1,0"
"Message",Normal,"Lifetime DOP:            1,0"
"Message",Low,"Выполнение задачи ""MDILBind"" завершено."
"Message",Low,"Сборка целевого объекта ""MDILBind"" в файле ""Binder"" завершена."
"Message",Low,"Сборка проекта ""Binder"" завершена."
"Message",Low,""
"Message",Low,""
"Message",Low,"Сборка целевого объекта ""CopyNativeExecutablesToOutput"" в файле ""Deployment"" завершена."
"Message",Low,""
"Message",Low,"Сборка целевого объекта ""CopyExtractedResourcesToOutput"" в файле ""Deployment"" завершена."
"Message",Low,""
"Message",Low,"Задача ""TransformAppxManifest"""
"Message",Low,"Выполнение задачи ""TransformAppxManifest"" завершено."
"Message",Low,"Сборка целевого объекта ""TransformAppxManifestAndAddCrt"" в файле ""Deployment"" завершена."
"Message",Low,""
"Message",Low,"Сборка целевого объекта ""CopyPackageResourceFileInRetailBuild"" в файле ""Deployment"" завершена."
"Message",Low,"Сборка проекта ""Deployment"" завершена."
"Message",Low,"Компиляция выполнена"
